team,r32_count,r16_count,qf_count,sf_count,final_count,winner_count,r32_prob,r16_prob,qf_prob,sf_prob,final_prob,winner_prob,confederation,fifa_rank,rank_change,elo,form_score
Spain,100,88,67,58,42,30,1.0,0.88,0.67,0.58,0.42,0.3,UEFA,2,8,2229.7567794417023,59.0
Argentina,97,72,64,54,34,17,0.97,0.72,0.64,0.54,0.34,0.17,CONMEBOL,3,-1,2179.651450788336,37.0
Colombia,94,68,43,24,17,11,0.94,0.68,0.43,0.24,0.17,0.11,CONMEBOL,13,4,2064.025446972292,20.0
France,97,75,52,32,19,11,0.97,0.75,0.52,0.32,0.19,0.11,UEFA,1,2,2124.778622286288,46.0
England,97,79,47,29,18,6,0.97,0.79,0.47,0.29,0.18,0.06,UEFA,4,1,2094.7230093084663,54.0
Brazil,91,65,45,25,14,5,0.91,0.65,0.45,0.25,0.14,0.05,CONMEBOL,6,-5,2050.192144690647,22.0
Croatia,93,52,25,10,6,3,0.93,0.52,0.25,0.1,0.06,0.03,UEFA,11,-4,1994.7570903147828,32.0
Germany,89,58,26,17,4,3,0.89,0.58,0.26,0.17,0.04,0.03,UEFA,10,4,1987.7425040916585,35.0
Netherlands,94,54,31,15,6,2,0.94,0.54,0.31,0.15,0.06,0.02,UEFA,7,-1,2019.419662607244,40.0
Ecuador,96,65,32,14,4,2,0.96,0.65,0.32,0.14,0.04,0.02,CONMEBOL,23,18,2015.3643384459688,9.0
Japan,87,43,29,15,6,1,0.87,0.43,0.29,0.15,0.06,0.01,AFC,18,2,1963.035668240791,61.0
Morocco,89,49,29,9,2,1,0.89,0.49,0.29,0.09,0.02,0.01,CAF,8,3,1972.941440105271,63.0
Mexico,97,48,24,10,3,1,0.97,0.48,0.24,0.1,0.03,0.01,CONCACAF,15,0,1959.693816879822,23.0
Portugal,86,47,15,5,1,1,0.86,0.47,0.15,0.05,0.01,0.01,UEFA,5,4,2023.4700911908965,56.0
Scotland,61,19,6,3,2,1,0.61,0.19,0.06,0.03,0.02,0.01,UEFA,43,-1,1830.6372210421189,11.0
South Korea,81,44,23,6,3,1,0.81,0.44,0.23,0.06,0.03,0.01,AFC,25,0,1877.97345245688,32.0
Canada,97,62,27,5,3,1,0.97,0.62,0.27,0.05,0.03,0.01,CONCACAF,30,23,1896.2889432440493,14.0
Austria,71,17,7,4,2,1,0.71,0.17,0.07,0.04,0.02,0.01,UEFA,24,10,1872.8696908624904,32.0
Uruguay,89,33,18,9,3,1,0.89,0.33,0.18,0.09,0.03,0.01,CONMEBOL,17,-1,1976.0116668148607,23.0
Paraguay,56,32,13,5,4,1,0.56,0.32,0.13,0.05,0.04,0.01,CONMEBOL,40,6,1919.3286744919253,-13.0
Panama,64,20,4,1,0,0,0.64,0.2,0.04,0.01,0.0,0.0,CONCACAF,33,28,1849.740522694008,26.0
Sweden,50,10,3,0,0,0,0.5,0.1,0.03,0.0,0.0,0.0,UEFA,38,-15,1754.8837065122243,7.0
Switzerland,94,51,22,7,0,0,0.94,0.51,0.22,0.07,0.0,0.0,UEFA,19,-7,1942.8303598478783,14.0
South Africa,32,7,1,0,0,0,0.32,0.07,0.01,0.0,0.0,0.0,CAF,60,7,1666.8081432879508,21.0
Senegal,69,37,13,10,1,0,0.69,0.37,0.13,0.1,0.01,0.0,CAF,14,5,1926.791648261997,43.0
Tunisia,39,6,2,0,0,0,0.39,0.06,0.02,0.0,0.0,0.0,CAF,44,-15,1734.5510153524017,27.0
Saudi Arabia,32,4,0,0,0,0,0.32,0.04,0.0,0.0,0.0,0.0,AFC,61,-13,1687.3166217128537,4.0
Qatar,28,4,0,0,0,0,0.28,0.04,0.0,0.0,0.0,0.0,AFC,55,5,1591.4387247414088,6.0
Turkey,73,45,20,6,1,0,0.73,0.45,0.2,0.06,0.01,0.0,UEFA,22,22,1936.92107812798,21.0
United States,84,42,11,1,0,0,0.84,0.42,0.11,0.01,0.0,0.0,CONCACAF,16,-3,1832.9494089052896,37.0
Algeria,50,11,4,1,1,0,0.5,0.11,0.04,0.01,0.01,0.0,CAF,28,10,1850.760962525782,41.0
Norway,75,43,17,6,1,0,0.75,0.43,0.17,0.06,0.01,0.0,UEFA,31,12,1964.612716200395,40.0
DR Congo,35,10,1,0,0,0,0.35,0.1,0.01,0.0,0.0,0.0,CAF,46,27,1750.3992713146374,19.0
Australia,61,34,13,4,1,0,0.61,0.34,0.13,0.04,0.01,0.0,AFC,27,0,1883.4191757238343,45.0
Belgium,90,51,21,5,1,0,0.9,0.51,0.21,0.05,0.01,0.0,UEFA,9,-5,1923.023705469272,36.0
Bosnia and Herzegovina,44,7,0,0,0,0,0.44,0.07,0.0,0.0,0.0,0.0,UEFA,65,-8,1632.9608168950872,-16.0
Cape Verde,26,5,0,0,0,0,0.26,0.05,0.0,0.0,0.0,0.0,CAF,69,3,1657.0037011899965,11.0
Curaçao,25,1,0,0,0,0,0.25,0.01,0.0,0.0,0.0,0.0,CONCACAF,82,4,1621.1621160682707,21.0
Czech Republic,64,23,7,2,0,0,0.64,0.23,0.07,0.02,0.0,0.0,UEFA,41,-2,1773.8404081524145,8.0
Egypt,61,26,4,0,0,0,0.61,0.26,0.04,0.0,0.0,0.0,CAF,29,11,1801.4242652061284,18.0
New Zealand,55,16,5,2,0,0,0.55,0.16,0.05,0.02,0.0,0.0,OFC,85,20,1766.959829703607,52.0
Ghana,19,1,0,0,0,0,0.19,0.01,0.0,0.0,0.0,0.0,CAF,74,-16,1615.8299206365696,13.0
Haiti,27,5,2,1,0,0,0.27,0.05,0.02,0.01,0.0,0.0,CONCACAF,83,4,1692.2823612432412,42.0
Iran,65,30,17,2,1,0,0.65,0.3,0.17,0.02,0.01,0.0,AFC,21,3,1872.963675378442,35.0
Iraq,25,4,0,0,0,0,0.25,0.04,0.0,0.0,0.0,0.0,AFC,57,11,1710.777392688835,12.0
Ivory Coast,60,22,8,3,0,0,0.6,0.22,0.08,0.03,0.0,0.0,CAF,34,13,1784.240134087426,37.0
Jordan,44,2,0,0,0,0,0.44,0.02,0.0,0.0,0.0,0.0,AFC,63,21,1780.6534798377895,33.0
Uzbekistan,47,13,2,0,0,0,0.47,0.13,0.02,0.0,0.0,0.0,AFC,50,27,1823.3316270587825,34.0
